1,Vlascenco,Daniel,vlascenco.daniel@yahoo.com,0770xxxxxx,VLCDaniel,pass123
3,Biddescu,Cosmin,bidescu.cosmin@gmail.com,0771xxxxxx,BidCosmin,pass123
4,Anghelescu,Ion,anghel.ion@fmi.unibuc.ro,0772xxxxxx,AngelIon,pass123
6,Romeo,Stefan,romeo_stef@fmi.unibuc.ro,0775xxxxxx,RomeoStefan,pass123
7,Luptaciu,Ioana,luptaciu.ioana@gmail.com,0776xxxxxx,Luptaciu_Ioana,pass123